{
  "evaluations": [
    {
      "request_id": "cli_six_small",
      "robot_name": "KUKA",
      "frame_name": "Frame 2",
      "motion_settings": {
        "move_type": "MoveJ",
        "linear_speed_mm_s": 200.0,
        "joint_speed_deg_s": 30.0,
        "linear_accel_mm_s2": 600.0,
        "joint_accel_deg_s2": 120.0,
        "rounding_mm": -1.0,
        "hide_targets_after_generation": true,
        "enable_custom_smoothing_and_pose_selection": true,
        "a1_min_deg": -150.0,
        "a1_max_deg": 30.0,
        "a2_max_deg": 115.0,
        "joint_constraint_tolerance_deg": 1e-06,
        "enable_joint_continuity_constraint": true,
        "max_joint_step_deg": [
          5.0,
          5.0,
          5.0,
          180.0,
          100.0,
          180.0
        ],
        "bridge_trigger_joint_delta_deg": 20.0,
        "bridge_step_deg": [
          2.0,
          2.0,
          2.0,
          20.0,
          10.0,
          20.0
        ],
        "frame_a_origin_yz_envelope_schedule_mm": [
          6.0,
          12.0
        ],
        "frame_a_origin_yz_step_schedule_mm": [
          4.0,
          2.0,
          1.0
        ],
        "frame_a_origin_yz_window_radius": 8,
        "frame_a_origin_yz_max_passes": 4,
        "frame_a_origin_yz_insertion_counts": [
          4,
          8
        ],
        "wrist_phase_lock_threshold_deg": 12.0,
        "ik_backend": "six_axis_ik"
      },
      "reference_pose_rows": [
        {
          "x_mm": 1037.6010964515604,
          "y_mm": -403.8638339023227,
          "z_mm": 1092.6108839038156,
          "r11": -0.201812918553196,
          "r12": -0.26999847564874563,
          "r13": 0.9414735094798977,
          "r21": 0.19475070453164292,
          "r22": 0.930995071633983,
          "r23": 0.30873992239045417,
          "r31": -0.9598665058170693,
          "r32": 0.24566033408059326,
          "r33": -0.13530443921003305,
          "source_row": 0.0,
          "index": 0.0
        },
        {
          "x_mm": 1036.0114636413866,
          "y_mm": -402.05389765503895,
          "z_mm": 1093.9431911938732,
          "r11": -0.21565392602140301,
          "r12": -0.26442127151179357,
          "r13": 0.9399865825444753,
          "r21": 0.19181751924779958,
          "r22": 0.9324098375774158,
          "r23": 0.3062971336765613,
          "r31": -0.9574442143024184,
          "r32": 0.24636007379635116,
          "r33": -0.15035720979680733,
          "source_row": 1.0,
          "index": 1.0
        },
        {
          "x_mm": 1034.301558284453,
          "y_mm": -400.27862139366437,
          "z_mm": 1095.4217906680294,
          "r11": -0.23073029070440845,
          "r12": -0.2584227737434247,
          "r13": 0.9380731330563806,
          "r21": 0.1884827907117068,
          "r22": 0.9339551240117909,
          "r23": 0.30364792760308346,
          "r31": -0.9545877490084326,
          "r32": 0.24687141661779147,
          "r33": -0.1667834916894917,
          "source_row": 2.0,
          "index": 2.0
        },
        {
          "x_mm": 1032.6892808195446,
          "y_mm": -398.63256945469806,
          "z_mm": 1096.8534427502673,
          "r11": -0.24517381882842373,
          "r12": -0.2526986900197683,
          "r13": 0.935966436697054,
          "r21": 0.18399409670501587,
          "r22": 0.9357574778385146,
          "r23": 0.3008390184916299,
          "r31": -0.9518592180248047,
          "r32": 0.24597015008247458,
          "r33": -0.18292816713019464,
          "source_row": 3.0,
          "index": 3.0
        },
        {
          "x_mm": 1031.4339533319323,
          "y_mm": -396.9534018529197,
          "z_mm": 1097.998990095908,
          "r11": -0.25650492969770505,
          "r12": -0.24800929285802997,
          "r13": 0.9341823225135634,
          "r21": 0.17990380199549877,
          "r22": 0.9373784852218516,
          "r23": 0.2982552555626663,
          "r31": -0.9496524854220831,
          "r32": 0.24456689493724806,
          "r33": -0.19582438773659766,
          "source_row": 4.0,
          "index": 4.0
        },
        {
          "x_mm": 1030.3259767193993,
          "y_mm": -395.03428432984305,
          "z_mm": 1099.0338054965277,
          "r11": -0.266781822502849,
          "r12": -0.2447961812188792,
          "r13": 0.932149284633482,
          "r21": 0.1787909660175243,
          "r22": 0.9378434567647493,
          "r23": 0.2974616632005986,
          "r31": -0.9470275865319758,
          "r32": 0.24601723570554881,
          "r33": -0.20643224090054735,
          "source_row": 5.0,
          "index": 5.0
        },
        {
          "x_mm": 1029.25628465542,
          "y_mm": -393.1397646553312,
          "z_mm": 1100.0522720095548,
          "r11": -0.27673871356917396,
          "r12": -0.24128297305385693,
          "r13": 0.9301603148524293,
          "r21": 0.1772028187806243,
          "r22": 0.9385501880028381,
          "r23": 0.29618019112702104,
          "r31": -0.9444653754523138,
          "r32": 0.24679155478688736,
          "r33": -0.21697714869909895,
          "source_row": 6.0,
          "index": 6.0
        },
        {
          "x_mm": 1028.128277283676,
          "y_mm": -391.2953246200957,
          "z_mm": 1101.143562245409,
          "r11": -0.2872614757136601,
          "r12": -0.23671431859777517,
          "r13": 0.9281417865507412,
          "r21": 0.17454054136214187,
          "r22": 0.9398231736294378,
          "r23": 0.293714149693375,
          "r31": -0.9418155042214057,
          "r32": 0.2463711299642936,
          "r33": -0.22865874645046147,
          "source_row": 7.0,
          "index": 7.0
        },
        {
          "x_mm": 1026.856718162207,
          "y_mm": -389.52568938321815,
          "z_mm": 1102.396182058259,
          "r11": -0.2992415178720681,
          "r12": -0.23128545381199936,
          "r13": 0.925722179077826,
          "r21": 0.17081725641338677,
          "r22": 0.9415203317712124,
          "r23": 0.2904495305088814,
          "r31": -0.9387630046465529,
          "r32": 0.24504388120580328,
          "r33": -0.2422344265181399,
          "source_row": 8.0,
          "index": 8.0
        },
        {
          "x_mm": 1025.547379517175,
          "y_mm": -387.88226825707346,
          "z_mm": 1103.7010897542136,
          "r11": -0.3117323435474897,
          "r12": -0.22508545074637887,
          "r13": 0.9231248484623785,
          "r21": 0.16539181537960987,
          "r22": 0.9438510820815657,
          "r23": 0.2859907030987105,
          "r31": -0.9356647334338443,
          "r32": 0.24182984661897539,
          "r33": -0.25700161846263914,
          "source_row": 9.0,
          "index": 9.0
        },
        {
          "x_mm": 1024.263754714699,
          "y_mm": -386.2339536598609,
          "z_mm": 1105.0116016572201,
          "r11": -0.3241594071117677,
          "r12": -0.21930337785953902,
          "r13": 0.920231876887746,
          "r21": 0.16020091085316257,
          "r22": 0.94598291300451,
          "r23": 0.28187230524710793,
          "r31": -0.9323391802036234,
          "r32": 0.238793544223662,
          "r33": -0.2715166593311315,
          "source_row": 10.0,
          "index": 10.0
        },
        {
          "x_mm": 1023.1444449481075,
          "y_mm": -384.5201430922621,
          "z_mm": 1106.1794051880283,
          "r11": -0.3351751337806229,
          "r12": -0.21486723681608766,
          "r13": 0.9173274770975527,
          "r21": 0.15626120863179657,
          "r22": 0.9474845144171962,
          "r23": 0.2790260375243508,
          "r31": -0.9291071328819255,
          "r32": 0.23686528973792165,
          "r33": -0.28399783475459595,
          "source_row": 11.0,
          "index": 11.0
        }
      ],